algo,kalman,cumulative_return,cagr,sharpe,max_drawdown,volatility,n_steps,cumulative_return_pct,cagr_pct,max_drawdown_pct,volatility_pct,n_train,n_test
dqn,False,-0.1249995047695949,-0.0819015835567416,-0.6554,-0.184511899163458,0.119506897107261,9451,-12.5,-8.1902,-18.4512,11.9507,37801,9451
dqn,True,-0.20549940577436876,-0.136888167863077,-1.2969,-0.22673093874845807,0.10894669819926459,9451,-20.5499,-13.6888,-22.6731,10.8947,37801,9451
